,A,B,C,D
2000-01-01,0.9638884673246537,2.1777549775005745,1.9961084469900232,-0.20830436499861554
2000-01-02,0.28963958586806915,-0.05296177722274553,-0.4444359560242699,0.8064124606129195
2000-01-03,0.6768323733235875,0.9119196960581515,0.20320737416579793,1.7785744220027393
2000-01-04,0.7673753215240986,-1.3172295301673012,-0.8854373937357037,-0.11477684038463742
2000-01-05,-0.3692173516593684,-1.3809119657417954,-0.901631813803249,0.4675843040894244
2000-01-06,0.6336779673639337,-2.960562004551596,0.4788292509162385,-0.005758645092693193
2000-01-07,1.0503165900586011,-2.619963345590113,-0.22949770097296673,0.3314453932923206
2000-01-08,1.2357486148331003,-2.3486536471987374,0.6422570018793774,1.1743909826735939
2000-01-09,1.219399838004564,-2.1963833661573164,0.7395776219212283,0.4534012121304768
2000-01-10,0.8402710527397481,-0.40203446042598934,1.0482344409608157,1.3261693068803035
2000-01-11,1.7825106216365343,0.8935913722810451,0.5866346410414887,1.0106309800255437
2000-01-12,1.4678881349450381,1.4526878999496096,0.44241471019139367,0.6291841700631442
2000-01-13,0.4396386063345241,1.8959291434865488,0.6830850086353126,-0.19924352924735023
2000-01-14,0.5404160052185435,2.728056225226802,0.8983234474295083,-1.3828523861317346
2000-01-15,0.0877647079983,1.3607515099747045,1.093251507736582,-0.9118463751394881
2000-01-16,-0.0170461848297421,-0.2664221838558545,2.0375702506806315,-1.031259900073983
2000-01-17,0.18592006492073976,-1.681282408292346,3.610601045185267,-1.0512259655044256
2000-01-18,-1.2782665167218148,-1.6124723158304812,5.292110428874336,-2.787490473595292
2000-01-19,-1.7988608493289489,-3.327009640096219,5.944373234353445,-2.3394468463283142
2000-01-20,-2.2638894519065245,-1.6430149558265859,6.482026692027436,-1.8417999037229567
2000-01-21,-3.2140572823944127,-2.270268887899133,6.966534348665762,-0.843902168325353
2000-01-22,-2.868303673466765,-1.9857404720184586,7.745832599042259,-0.9891921666868817
2000-01-23,-4.43618235635205,-0.21574051580833142,7.61665408535327,-1.1337502642543726
2000-01-24,-4.613562558128126,1.5496326904448814,5.95691862374515,-0.698551272299864
2000-01-25,-5.030684947032712,2.309298144209597,5.210052802666146,0.5911368069605943
2000-01-26,-4.719630288373397,3.131119913855573,5.825156339622933,1.1850149559486414
2000-01-27,-2.900143510559593,1.8766289964056355,5.239256028394655,1.177927945940631
2000-01-28,-3.114613337080603,1.9614665261279225,4.7845765697565,2.1490187631591198
2000-01-29,-3.251441130752556,2.034084010469901,5.149635455737883,1.7916768567183088
2000-01-30,-4.2537156424730505,1.3662361290730083,4.987578431166561,3.430042574069069
2000-01-31,-4.623495213961438,0.4160475151180072,4.4421336606854895,2.1223336272309634
2000-02-01,-3.5883345635158905,-0.8875288093397327,4.668599559937788,0.31629241029519406
2000-02-02,-2.5925799651060863,-0.983273843953722,4.479530164137268,1.7224166940823185
2000-02-03,-0.9807106960387657,0.45499147897044956,3.557772109101916,1.32487149984031
2000-02-04,0.2562567747282025,0.013824336962738326,2.5052517431552213,0.308512566168762
2000-02-05,0.8721888159323278,-0.8839066459273226,2.8639956854726565,0.7022929648156044
2000-02-06,1.4851901192129655,-1.56917204517717,3.0387209505946235,-0.2469810093688879
2000-02-07,1.8717548739190328,-2.4338313231142448,2.7033326405102582,0.5463404722992375
2000-02-08,1.4139272409335897,-1.3819393973400835,2.495964351769203,1.3582412269222526
2000-02-09,2.12587107597619,-3.4516164241678697,2.418510832273196,1.5963421518755767
2000-02-10,1.9235217749537856,-2.3873753090647267,1.945924098282128,1.7825560219541636
2000-02-11,3.535381517220248,-3.826250985643247,4.366244631028869,3.2025048558244498
2000-02-12,2.855579909802669,-3.170264041503011,5.8303344767770025,3.3513995192560584
2000-02-13,1.9768572444234374,-2.18407672451582,5.137523162534666,3.2927764334160607
2000-02-14,2.063214337461248,-1.935707923527425,4.2322950804749,3.1525064160013514
2000-02-15,1.4771476761023816,-1.4424281819244658,4.409774537918563,2.7581545481973313
2000-02-16,2.3672266519454346,-2.1778028899941155,4.9355225437662,2.7090435054597464
2000-02-17,2.9675388258527384,-2.0875128601880615,5.037653637262604,2.462506373840146
2000-02-18,2.2848261821671643,-1.492664273075548,4.41010496689037,2.4847663401554736
2000-02-19,1.6416211903225064,0.5953735500829209,5.080591266352342,3.1942886378111304
2000-02-20,0.6016928719751651,1.33610923678209,4.576324572462365,4.489674206650328
2000-02-21,-0.7457806498551489,1.1208886446524973,4.890457393189166,4.964825098121455
2000-02-22,-1.4663990787144807,1.1573498858129676,4.936713901683849,4.5599873594518785
2000-02-23,-1.8181311860715135,1.1039740077527818,4.7596528911178915,4.25820845654586
2000-02-24,0.8393461462387988,2.2430488628370533,5.596691976511597,2.675791519158859
2000-02-25,2.6230804706908524,2.770480577450261,5.334063814460356,2.698416554756914
2000-02-26,1.9640792303020134,1.1329788135921424,3.959721073283694,3.482500940925231
2000-02-27,1.6823022426511738,-0.6293673908078639,4.441101478325504,4.927163596048253
2000-02-28,1.7871173624278247,-1.3692089867499737,3.785734218903291,4.728949948825298
2000-02-29,-0.42551905055777994,-1.3717090522228779,3.9351248523365667,5.6624659158105155
2000-03-01,-0.57474651955937,0.2324137805633555,3.297720166490943,5.568907301005639
2000-03-02,0.14967720486991098,1.6317838798683173,3.1746032434313243,7.367797140821491
2000-03-03,2.021489228745929,1.3900897362118987,3.9723770336486264,5.858296804318968
2000-03-04,1.9273451381884312,1.5897900374401293,5.095126039050928,7.111854848210182
2000-03-05,1.4986763873841829,2.4616872983922935,6.536461315729871,6.101703610847597
2000-03-06,3.81682579967368,1.4941556377342635,7.551626009448132,5.01026675817324
2000-03-07,3.3840902195457176,1.9272208976062595,6.975264010802533,4.268681170943213
2000-03-08,4.240152660175357,1.1054841047410802,7.215938801700031,3.8844447146769574
2000-03-09,4.98276060002736,1.8095176100298709,8.233715587108664,5.360402066785911
2000-03-10,5.4833562169537355,1.4366176906988803,7.355706017113611,5.176497735046561
2000-03-11,5.1051971282910555,1.035463158381556,9.498351942571606,4.900563593043857
2000-03-12,4.586291433499139,0.4505929148732023,10.218927991794937,5.82925780297574
2000-03-13,7.127047397893751,0.702244472045068,11.497876332492794,7.687774691665691
2000-03-14,8.16558515008206,2.445016381611083,12.902388398060305,6.547252886368463
2000-03-15,7.63727833205361,1.1390456010259646,11.736548459584164,7.573649084219762
2000-03-16,9.422996851845536,1.0072287070723283,10.951589372733658,8.610311587145643
2000-03-17,9.448098006475952,1.448489911951491,10.821995979866662,8.281576923740019
2000-03-18,10.212639026266459,2.149834803265554,11.334435178321007,7.273214549136447
2000-03-19,8.484832906927132,4.2356539855469375,11.693785703773132,8.453744835373127
2000-03-20,9.380620697767274,4.046318091785639,13.895330784345903,9.306862442957144
2000-03-21,10.976513635508026,3.2489672206780504,14.881467508222977,10.25892072918061
2000-03-22,10.574590594818336,4.702366617200084,15.702548395549737,9.754644661839013
2000-03-23,10.709787153584019,2.919504751322278,14.178811029991712,9.333472224111384
2000-03-24,11.19785828071823,0.8723662853955445,14.120871867974078,9.711022095090984
2000-03-25,11.555246729894211,1.1839778473262863,12.525702489643216,9.87709474444775
2000-03-26,11.806793387562806,1.5796275224438463,11.049771170996483,10.85462269147232
2000-03-27,13.01001526498694,1.1758283106223946,11.868814142083341,11.280730169781014
2000-03-28,12.593824787682285,0.008977501222354967,11.235932137692032,12.845173743840633
2000-03-29,12.757688849134922,-0.5152734908963345,10.788970347960337,12.338283998061506
2000-03-30,13.457340630782959,0.9702682081436714,9.675800643567714,12.674618852663745
2000-03-31,13.478961359320946,0.9018642029118766,10.259793049971673,11.259020556834408
2000-04-01,12.430102781691325,2.281168099270178,11.248820613814546,11.421217424227294
2000-04-02,12.429620303930417,3.509645781481713,14.330723748556654,11.06422669372158
2000-04-03,10.269494878711951,3.0435071579580946,16.3917683842792,11.665446461772802
2000-04-04,10.483711908958327,2.846320167352777,14.767837155525289,10.943094439696877
2000-04-05,10.51724034059429,2.433936381299847,15.619291529201405,10.892994109845388
2000-04-06,9.985288361089301,2.852366897137156,15.004063918159064,10.896855883191586
2000-04-07,8.05049468117279,1.1552101938477366,15.261348572074679,11.606641548117942
2000-04-08,7.89941282611996,0.002205938585802425,13.378024661356774,12.577295389635651
2000-04-09,8.512563474369475,-0.3435877957435301,12.37820903511049,11.23255897144546
2000-04-10,7.845756943142165,-1.289856154015529,12.04043276853015,10.59065235229233
2000-04-11,9.040895619410522,-1.5678818771744387,13.470082952801851,11.026483585071412
2000-04-12,11.008818875868116,-2.482828544369532,13.817483167139102,10.7295300951768
2000-04-13,12.075648991928691,-2.0666675792876834,13.171204961819287,12.42252233323494
2000-04-14,12.515555162805317,-1.7242776326020846,12.516333018823067,10.399105033014811
2000-04-15,11.869169543732184,-2.329882392123948,11.44139533909383,9.93853693326425
2000-04-16,11.94071951747073,-1.8296667258578894,10.972458817654003,9.962754754414476
2000-04-17,12.221979703387225,-2.1531314306483047,11.805069264913849,9.52760927152194
2000-04-18,13.253656484841542,-2.3374246105764556,10.840016145536268,9.97891066329027
2000-04-19,11.519501391676675,-2.220963539271321,10.58632861789783,10.264029124832273
2000-04-20,10.462386928065063,-1.6289701703036998,10.0086052313993,9.710861925738582
2000-04-21,10.101235143049253,-1.4870874549938857,9.617486108639863,10.860584455355653
2000-04-22,7.442055865665976,-0.9550489323717684,10.800458274480638,12.250317572408472
2000-04-23,8.17478931033527,1.3513779522195164,10.942105474638252,11.368256834844264
2000-04-24,7.361464554086697,0.12438616078407905,10.833641602850978,11.433452860320974
2000-04-25,7.017172406248127,-0.37404949394902115,9.898209045065192,12.659002032745633
2000-04-26,7.256343715709667,1.4269005023290595,9.744665678554753,13.516831872830279
2000-04-27,6.702456385274394,3.896832703113133,8.928520193369675,12.293785977747287
2000-04-28,6.8236032231970976,1.6425136092537849,9.569851760697398,13.149670755561319
2000-04-29,7.1286087205649995,2.055700075823881,10.435348284926501,12.082072300308658
2000-04-30,6.599997517518732,3.3253371012311623,11.495350842921551,12.773719690970243
2000-05-01,5.654114541538433,2.48699322501502,13.288966591879365,11.91204053278112
2000-05-02,3.2155441837374013,1.7686496438407022,14.640519021452016,11.232451173882184
2000-05-03,3.203213112187785,0.8870842161608579,13.554098311734139,11.369745395622576
2000-05-04,2.540553105767554,1.0046124611224385,12.4214582737972,10.636885924018491
2000-05-05,2.2731887173204766,0.35709694952042403,13.131520876931225,11.554114335247966
2000-05-06,1.7842911551759857,1.3249524541217634,12.361515083133902,11.209880652428133
2000-05-07,-0.01723997130638888,0.40027754916311653,11.779109995909229,12.824025679183865
2000-05-08,-1.3073460305768516,1.4181879769870613,11.880515080966646,13.909263136670024
2000-05-09,-1.1508976326938773,1.2070769304520268,13.222018930695329,12.870066287625326
2000-05-10,0.922620229423162,3.4123086295218346,13.020041109661818,11.798889633667066
2000-05-11,-0.5850676031889896,3.3954022291554278,13.087356388376966,11.641952990057412
2000-05-12,0.2812430177831159,3.777172412502376,12.500739995280304,9.102077394927012
2000-05-13,-0.569609657264779,4.059423147898033,11.753647132301454,7.268636592742292
2000-05-14,-0.2694936125145188,4.375281749486277,11.181640746305813,6.448531841218566
2000-05-15,-2.5770841169442407,3.3794559184501836,10.958907174672786,7.883782109776853
2000-05-16,-3.936255985958083,5.012758817375384,12.068482273191062,7.705241455664717
2000-05-17,-4.04784622928145,6.334188821695519,11.403509112138584,7.3295860252388705
2000-05-18,-3.7371667212757025,5.310050689252356,11.15785739576903,8.049410598061941
2000-05-19,-2.9378604674759585,4.5318139591880175,10.224941866786246,6.990386468343833
2000-05-20,-2.3290256729471706,4.910706521027939,10.038697459168294,7.207114215086479
2000-05-21,-3.9997171539650758,5.76619426348823,10.045027028992733,6.916547832405626
2000-05-22,-4.231149553395624,5.7314688805787695,8.947245840087895,6.5559195672541
2000-05-23,-4.087925788007913,5.34733257230508,8.604327022564508,7.861222613226875
2000-05-24,-5.2095481300100195,6.065847866574174,9.011191343007413,7.409998085033097
2000-05-25,-4.592920775502697,5.184667007278725,9.74036038745703,8.81377371575157
2000-05-26,-3.6871331959600417,3.9420046035444645,10.772407230990122,8.694015320776328
2000-05-27,-4.805869201117045,3.656290917669165,11.40799186859066,6.367870420273622
2000-05-28,-4.484626617426402,2.5812492789363572,9.843602453717605,6.551368715333665
2000-05-29,-4.1114189462634485,2.0368504013168316,9.509073278464845,5.186563801440748
2000-05-30,-3.9259684407979596,4.315956192509767,9.215971922367977,3.956569052351268
2000-05-31,-3.830724756993389,4.215557763273628,9.933125132338619,4.6757209238222455
2000-06-01,-4.274478805020032,4.9206679592038585,10.07176680917041,4.043771871237941
2000-06-02,-3.656838197127861,4.018313271940752,10.71111199666975,3.6498928844213165
2000-06-03,-2.5725068425225386,4.441517099579674,10.331899207208814,5.971201944285111
2000-06-04,-3.1835089236473677,2.251857743604608,10.81237544681558,5.989073496842627
2000-06-05,-3.2851691811146813,2.450004155965536,10.311810419108461,5.32346567896788
2000-06-06,-2.3446252975692947,3.719072035774961,11.422979532352649,3.4147587112777895
2000-06-07,-2.4909624575397706,3.163150438972698,9.835775255240833,3.432599996498857
2000-06-08,-0.9003731033716855,1.1953118547478985,8.365163375832946,3.6595847428250186
2000-06-09,1.0078091895449823,1.3007056222852995,6.555319530592872,4.310558705108666
2000-06-10,0.5310401408758884,0.0822557100431558,5.460732764803739,4.273899567535038
2000-06-11,2.147887303561434,-0.6051011996268523,6.180591835129164,3.0499200910074813
2000-06-12,0.7047730243263666,-0.07483000011153096,6.679046880806111,2.4621804574089596
2000-06-13,0.5065733885650037,1.7755197193473675,5.78687865733472,2.068776851018634
2000-06-14,0.7976382930220535,1.8363996889087808,7.208360745303514,1.1478762843281516
2000-06-15,1.2252877431572229,2.4850216556239486,8.635069725329735,3.012647689730075
2000-06-16,0.38294653773337206,1.466200798011663,8.040449593144109,2.389934996516477
2000-06-17,1.0127843808608548,0.9909955764402301,8.03402331479106,4.071731937742797
2000-06-18,-0.23902112842231582,1.5202640397436848,10.18413229973099,5.708314409353017
2000-06-19,-0.5667592471167273,1.8328196493566293,11.19011022809748,5.291050090366249
2000-06-20,-1.569173623469904,1.706389308060512,9.090258350847396,5.189192587057241
2000-06-21,-3.524583308996271,3.578874591683127,9.16402450078548,6.757010586792433
2000-06-22,-5.033502923245094,2.60014819180392,8.9179436798648,6.273779376153549
2000-06-23,-5.744743412139147,2.622967747368076,9.200029993539799,6.329451379994569
2000-06-24,-3.6005665652596073,2.912850397949335,9.083066913574374,6.818092544791714
2000-06-25,-4.543764283477093,2.9150501033065965,10.087503540433183,6.7296519599028635
2000-06-26,-3.6004503383377022,3.3328990769151,9.283563512901964,5.991920948073784
2000-06-27,-2.466372150618354,2.6235720959461117,8.839032069192124,4.617142835260734
2000-06-28,-2.3465499833872725,2.8299360444704997,9.46952559579322,4.128262497787748
2000-06-29,-2.864166874056361,1.8889497713476313,8.147192160271967,4.802360156398015
2000-06-30,-1.141516494709836,2.646365112584386,6.984290506941285,4.649361584226551
2000-07-01,-0.8144349541857218,3.2882818028984566,7.550679035419382,4.205550287045692
2000-07-02,-0.3261534720403117,4.33559678379936,6.862866803813541,4.41558546953608
2000-07-03,-3.0896650304053543,4.188605571496186,5.850993173310208,4.709587774220032
2000-07-04,-2.9485702096454034,3.78323566346186,6.458012261222533,3.3418858553926967
2000-07-05,-2.97088245455386,3.108691502992416,5.592438997489511,1.4448562465912371
2000-07-06,-3.1747913767879803,3.639536383038374,5.9455681073070785,2.2476486964705478
2000-07-07,-3.6568717326970273,2.0148848550316925,7.230466862832708,2.844182432554814
2000-07-08,-5.722998403283961,1.0463627009253116,8.165311864070702,1.920515623768544
2000-07-09,-5.193915756166887,1.8421512583850563,9.269781302081451,1.0122284262012906
2000-07-10,-4.658288432528723,0.9630380803649486,7.573851648206663,1.9508975345008648
2000-07-11,-5.657984860780856,0.5420802692988892,5.94351316759624,2.6168569361050578
2000-07-12,-5.971061993025265,2.7158925527767606,7.358206814170517,3.1930312256995395
2000-07-13,-6.303759125359555,3.447539889137904,6.683329928429569,2.0025413193225363
2000-07-14,-6.325111718608866,2.261906000766124,6.381930436467584,1.6833424853208856
2000-07-15,-7.618220485607719,3.1395233785596837,5.011229281746885,1.3382234125852919
2000-07-16,-7.979385047103922,2.4883933915134313,4.383439885047572,2.1255113285117058
2000-07-17,-7.151368148899334,2.655216452681434,3.9119339583133543,2.6650008346157374
2000-07-18,-7.382284116821325,1.429243173819028,2.495213257384395,3.6439980772805254
2000-07-19,-8.834494079899152,-0.030658971237422117,1.7468888561125078,2.630377292112623
2000-07-20,-7.86298647074875,2.066999074937936,2.070016025496809,3.086668589842879
2000-07-21,-7.630089746985734,3.1002919919203826,0.9935347019525871,6.64140241776441
2000-07-22,-7.4262186979023195,4.51388235637665,1.0530897556125542,7.407403016927394
2000-07-23,-6.101800762093343,3.9104855559048977,1.7262170861414847,7.337854772722147
2000-07-24,-6.88438211489726,2.690688086283477,1.9866468097215733,7.920465313075791
2000-07-25,-5.552422659614498,3.654382576581931,1.3222926087335782,7.614411875170178
2000-07-26,-5.854478762382506,3.7193529285604146,0.2976377550255003,8.624560719866125
2000-07-27,-6.227205736321823,5.074550581024376,0.9662731950950934,9.81733428260953
2000-07-28,-6.582864161742606,5.554819029222199,0.9512983151112272,9.259029304286967
2000-07-29,-7.587064212597038,6.528076060664251,1.831557139932435,9.920180969645948
2000-07-30,-7.874685107221171,6.189650386879169,4.4876737477983575,8.956751151574512
2000-07-31,-7.663901383813173,6.800130544731321,3.6327525123825373,10.257309554917327
2000-08-01,-8.000554567721908,6.111947163142339,5.2494837045276235,9.523686137151492
2000-08-02,-7.0808242274496225,6.7253794026489135,5.468191382922716,8.102432292411413
2000-08-03,-8.032449683446822,6.159113162144217,7.030739960982695,7.234426463270452
2000-08-04,-7.500261360774794,6.61960898430906,8.35327503693888,6.694266974910097
2000-08-05,-5.981761969509488,5.485579459265981,7.504316216805408,8.369913948666174
2000-08-06,-5.5935732695544305,4.289204947096282,8.509078154827314,8.293594792914307
2000-08-07,-5.208073564738868,4.545024256830609,9.60384872441926,8.293095783834207
2000-08-08,-5.785722752885827,6.19621851743303,9.401595874033509,9.053908773204396
2000-08-09,-4.824591431412619,7.482151219906001,10.476360292895478,9.967341978419672
2000-08-10,-6.926406628395565,7.379923952450716,11.5747736826396,11.043215754805699
2000-08-11,-6.06112863711884,7.8797684848850045,11.71218066585995,11.395654192076002
2000-08-12,-5.425928621203829,8.319230994983668,10.541997606546985,13.280300265271512
2000-08-13,-3.6110054309882225,8.725010902956534,9.887245256959387,11.069382403707156
2000-08-14,-4.5945311345471085,7.536600743528361,9.31132689958318,9.849728834378324
2000-08-15,-4.674327310764151,7.156730581662614,9.296724874412398,10.446690103385588
2000-08-16,-6.799870919943067,9.012105257063766,11.560771933382913,10.590043293496418
2000-08-17,-5.20513862039528,8.739615898567749,11.255815153495181,10.848526482923798
2000-08-18,-6.72986546987768,8.961654815985408,11.01897210108951,10.447639445899252
2000-08-19,-6.530627236233865,9.046180722836151,9.760413024147741,10.442719004301216
2000-08-20,-5.088027040369969,9.443817525027319,10.414154052155379,10.658626650146939
2000-08-21,-5.109656041476679,9.658754284620521,9.09077947851486,9.017329027901685
2000-08-22,-4.542347912925928,9.916347611747339,9.047968623807172,8.039630915695282
2000-08-23,-5.0730309668914115,10.9148883607838,8.510892307828188,8.624297257594803
2000-08-24,-4.669578599075048,12.157776502703133,8.988623409314048,8.42192335248344
2000-08-25,-3.901257500580865,11.27742956060629,9.93428051815337,9.379400170388418
2000-08-26,-4.7580090864074105,11.828672821094557,9.399922959196108,11.115434116143836
2000-08-27,-5.563859084809427,10.337483208268344,10.24207516825947,12.892259111252807
2000-08-28,-5.79585279081568,9.719262719652393,8.714545525307994,10.096184455125618
2000-08-29,-5.165814098523077,10.685248078719045,7.812611486378796,11.38877734314044
2000-08-30,-6.834030492004979,11.644410674443652,7.274806700714606,11.481854329478033
2000-08-31,-5.901482795866702,8.746418535925581,6.671893666128536,10.823950084523391
2000-09-01,-6.951283941479949,9.041409063364327,6.07323480283285,10.20346729512885
2000-09-02,-7.105772763194242,9.636730537715403,5.009464853720004,11.424363556055921
2000-09-03,-6.904070729534152,10.815438403139687,5.397490930697789,12.467034322179966
2000-09-04,-6.96206653413047,9.53692024988592,5.996508243592808,12.761713392108105
2000-09-05,-5.410945434231876,10.748832311881102,6.051901860880077,12.85770634471294
2000-09-06,-4.42627643091554,11.746773987517551,6.391351066300318,12.535811412000532
2000-09-07,-3.52618566066661,11.617957566948386,5.652128017110518,12.28537466086564
2000-09-08,-4.566319430525132,11.070222361578756,4.176609058971744,12.878972574999883
2000-09-09,-4.0372037298699155,10.968134182435596,4.471914673070295,12.97680032449385
2000-09-10,-3.116846265576381,10.750484418363484,5.295895849996727,13.89038073337446
2000-09-11,-3.890871496729508,11.858158280946924,6.121650540184193,14.506220704712089
2000-09-12,-3.2811396159720285,12.052245390897326,6.165530067485607,14.17190162342775
2000-09-13,-3.74664812887274,12.49524992828987,5.994050981081174,13.869049897080755
2000-09-14,-3.415280063141526,11.86445109325364,4.1670326845702705,14.856175814647395
2000-09-15,-4.346338979699067,13.219890886261519,5.075761670552403,16.64113554082805
2000-09-16,-4.030493707127901,13.83081777776449,6.518770450099767,16.277019693666425
2000-09-17,-6.020731624829461,14.659128835241216,7.527141831469956,15.989746493663981
2000-09-18,-5.993387229110598,16.185813341294303,7.662725985690521,16.728485152079895
2000-09-19,-6.157809625723918,17.229871848544445,7.418551435170635,18.307682782114544
2000-09-20,-4.80081473856651,15.602280503044726,7.979350258951973,19.05904988541573
2000-09-21,-5.847619271871853,16.333352594667613,7.525745158309368,19.705023941079702
2000-09-22,-3.6723896160875404,15.094308612717983,8.742237239300582,19.406284686136118
2000-09-23,-2.198887116605811,15.081429712236634,8.938474844244663,18.395832629643895
2000-09-24,-2.718660975663197,15.793292308461357,8.98680672207497,18.74800626959553
2000-09-25,-0.9518819599154842,15.294339131413322,9.392525450997567,19.432434984089387
2000-09-26,-1.1105593278280654,15.36538486998491,7.6887932119717,20.3607317694201
2000-09-27,-2.3098508917987135,17.130504767235365,8.221968444088935,20.713606130203253
2000-09-28,-1.836033136118915,17.994788879256078,7.442881225011142,20.985831732391674
2000-09-29,-1.9586000119844573,19.956358531077022,5.337672182596495,21.141215267711168
2000-09-30,-1.901523253764486,19.770999654901072,5.150282300424949,22.811727397318748
2000-10-01,-2.2401960919896466,20.24525338041705,6.594600310986034,22.94612890173181
2000-10-02,-2.869377748235964,18.81723302287959,5.085207206777642,22.231411713490505
2000-10-03,-2.9607335776819106,19.40715476843993,6.326434400040745,22.67838120192715
2000-10-04,-2.0961452217921606,19.331390820147604,6.850592230289635,22.740732740393824
2000-10-05,-1.6095655884361422,18.239920263022043,8.173339723831523,22.070353509467996
2000-10-06,-1.4551474378982647,16.58943062065247,7.854247944670425,20.821126499610543
2000-10-07,-1.1739957647479253,17.288046454785114,7.686672399199498,19.990722050398684
2000-10-08,-1.3913341600370492,20.148357906624376,7.717919135472735,21.210269286869522
2000-10-09,-1.2305398261430387,21.351722718826323,6.125617179044563,19.063966681949484
2000-10-10,-1.3691168151234754,21.74967651705977,7.7210898602733025,17.839194610399833
2000-10-11,-0.8909649003869327,22.985343011688222,8.397926924596437,17.35528776415391
2000-10-12,0.7141374252062134,21.783546138815108,8.429153109076736,19.03015364570216
2000-10-13,0.28891898086751694,20.295306801882315,8.632452546915424,18.666009597469944
2000-10-14,-0.6145715490771082,21.65761192271894,8.862926132269505,19.0306290367129
2000-10-15,2.2136837170778714,21.41905325751902,9.246015117492524,19.718744209115812
2000-10-16,2.734971315865544,20.91061929912975,7.366097688820808,19.10673659665789
2000-10-17,1.8804071974279197,20.699818269153536,7.184351298610028,17.10715668143523
2000-10-18,3.242485329068452,20.689084679397382,6.463507880827415,17.764454631760575
2000-10-19,2.0487225059568432,20.060239179319268,5.898409343997935,18.876655679882752
2000-10-20,1.5029660272993972,20.43998198025636,6.143373162063594,18.064812525843042
2000-10-21,2.7219589173980294,22.138677758636206,7.131355686944696,18.110788332202684
2000-10-22,3.2582686019339278,22.15338503401793,5.284360899922164,20.28742858775061
2000-10-23,1.4520346233939163,22.29412746824768,5.9154820470396094,19.51518831452135
2000-10-24,0.8103735802096768,23.420867999485157,6.936809414916402,20.480189613065797
2000-10-25,1.8795199517039598,24.034569649443778,6.151389644597722,20.175657954559878
2000-10-26,2.565201725416811,23.401096515252664,7.001886735686909,19.24585193473856
2000-10-27,1.7371991693248752,22.821528772486868,5.686798705130113,19.619034539840808
2000-10-28,1.517006959533811,22.32615088448637,5.421664735708887,20.432037148130053
2000-10-29,3.1415100028438276,21.425838842130865,6.397506364288745,21.995420535085145
2000-10-30,4.678347546919063,21.759341193110032,5.532011287547338,22.635654490017842
2000-10-31,4.507147551102757,21.305759672735544,5.786447469082777,20.404855394556343
2000-11-01,5.6551554056002065,21.00641482558634,4.344628969851721,20.36720028983966
2000-11-02,5.6059738950262945,22.128688282261987,3.4362671015030912,21.965375337810706
2000-11-03,5.726921639499525,22.375989050118285,3.7510955858247197,22.362119469593267
2000-11-04,4.972840545835859,21.133660821084423,1.806938608296336,19.87594166543866
2000-11-05,6.662193145157465,21.420652844330426,1.776656166391119,20.355269273471134
2000-11-06,6.541007413685693,20.584692654308544,0.4079122063221339,19.80258493175473
2000-11-07,5.858354312733723,20.5998816255006,-0.42976921875369545,19.37964193393977
2000-11-08,6.189996950614695,21.6435776554439,-1.2351474859565004,19.92814114976459
2000-11-09,6.808532771762511,20.89417304831622,-3.141052403670211,21.46251134106454
2000-11-10,5.703621491815738,20.63207677903853,-3.3435284287813865,23.066843219925147
2000-11-11,5.760043022518713,19.473794799100762,-2.8154495659788674,24.409797494954212
2000-11-12,5.333884300601601,18.84678315465275,-3.3502687392018924,24.992305514629074
2000-11-13,5.178690179212359,18.491307077827916,-4.013765813322077,26.150861030627855
2000-11-14,4.533837986082812,19.16718831781784,-3.932720250436442,26.726188968011726
2000-11-15,6.457092477383087,20.68824037896163,-4.12726978823628,25.748618684107438
2000-11-16,5.2758863171221995,20.879680656422654,-3.9024894951549647,25.171326063044805
2000-11-17,5.72823873751063,21.324073733170234,-4.034277179504157,26.382631740473443
2000-11-18,6.109726584106713,22.034541104500114,-3.560635882951695,26.575719429136107
2000-11-19,6.736287847176577,21.897940083248216,-5.191413424608234,26.999618156825072
2000-11-20,9.36907991276719,22.75054834586455,-5.278730604580137,27.673164151854138
2000-11-21,9.424953508110235,26.082127731941913,-3.203545738584837,27.470730017299108
2000-11-22,9.308733170047272,25.997852365982602,-0.9585887673324365,25.76927856385354
2000-11-23,9.190606843229519,25.77974509874492,-2.0568902138494565,25.145295275715366
2000-11-24,8.645913596697179,26.61944786371677,-2.733078096981849,26.221526802802952
2000-11-25,8.285131081137287,26.58403936476534,-1.5325028721141813,26.87410599494523
2000-11-26,8.757595788026745,25.468868672213087,-3.753731433129571,27.71070671134416
2000-11-27,8.801573504564141,27.20333668623142,-3.892242755293185,27.18597132765228
2000-11-28,9.062275625135044,27.334948922505728,-5.079069358540882,27.59857317711986
2000-11-29,8.733238357514372,28.14989755647761,-6.242592245671305,26.97332451868769
2000-11-30,8.777460683909382,27.265711760381755,-6.194973851128821,28.51486916673683
2000-12-01,10.34986072971161,27.184786747448772,-6.470014100757444,29.131428135428035
2000-12-02,9.872509578040617,28.760632611213502,-7.307793175976229,28.44266514477516
2000-12-03,10.27074293849728,26.914023452891342,-7.456774703415832,29.41667969815695
2000-12-04,8.648991474103008,25.857437831432264,-7.72075261147073,29.822699382682767
2000-12-05,8.539503379498342,25.306298968635616,-7.666725323904978,29.111760086869126
2000-12-06,9.309745137031646,25.166668060326625,-8.846779567873941,28.568587302946284
2000-12-07,9.20412794550213,24.481440645532164,-8.108568773595684,29.674310245195514
2000-12-08,8.86200056035074,24.148442146118747,-8.055646823084015,29.586253889578664
2000-12-09,7.547877774782143,24.644419666646666,-8.481395582947725,31.005416635202952
2000-12-10,5.67753797370421,23.687501599038793,-8.482602938742017,31.320366609797876
2000-12-11,6.823768770234906,24.94668292118214,-9.63748506343262,30.51889757504386
2000-12-12,6.722315845660458,24.407666613196426,-9.476642897173134,30.28592447167569
2000-12-13,7.4259093384605475,23.56144938382513,-7.962381986547666,29.187085013926996
2000-12-14,5.895916319164173,23.374739640686492,-8.34038414327278,29.606691769920296
2000-12-15,7.571179281485414,23.490076888720143,-9.532245436384706,30.811629899420375
2000-12-16,6.6363194982378,22.907721033664107,-10.611019436024879,28.889886323328923
2000-12-17,5.3112873865026735,22.050876173000322,-9.84046478753541,30.68666552092028
2000-12-18,5.334826773405585,22.23965131569906,-10.849919364998915,31.532641012623856
2000-12-19,5.70415989366715,22.357612369151724,-9.57964986204251,31.234760010059
2000-12-20,5.528921666244489,23.461018624501964,-9.370374865884298,32.766796791318846
2000-12-21,5.681190204784546,22.18453225109978,-9.710103407113376,31.776258278374875
2000-12-22,5.4779780222785455,22.789495512374156,-8.487873556306457,32.22898887779143
2000-12-23,5.986280666373123,24.507403513208427,-9.794987491473314,32.6695723730929
2000-12-24,4.828511195621376,25.45956620340237,-9.622941746955487,32.87228731947
2000-12-25,5.628360889112591,25.517401982949206,-8.80632973464961,32.893608231330646
2000-12-26,6.038841372099925,23.834490244113915,-7.772896730544023,32.09351961167003
2000-12-27,5.915332472158193,22.71994463802649,-8.329912247585067,31.74485364104258
2000-12-28,6.6511356040684815,21.285029449220648,-8.100347940079441,33.30229905000534
2000-12-29,5.587100852037915,22.85268399592095,-8.370142177871871,33.68323519992149
2000-12-30,5.022426603091661,22.613871372987518,-9.222118791068263,33.71459402811397
2000-12-31,5.044432354414427,22.037245792558377,-8.12799452675273,33.863818404960305
2001-01-01,4.038182493989078,19.470649914875903,-8.074450522286533,35.245357867556706
2001-01-02,5.9368049245560455,19.27987209360204,-8.082896154787319,34.04203223194676
2001-01-03,6.596737814082754,18.738949125923458,-6.810974437080416,34.405774979132836
2001-01-04,5.455584197345294,18.43227189706914,-7.582415430966027,36.541582145997864
2001-01-05,7.313947682945566,19.683393883340937,-7.841793237623441,36.9712045489522
2001-01-06,6.984370027809461,21.777913259257012,-5.258703708527515,39.23107952161107
2001-01-07,4.691696321253879,22.607990617462608,-6.400204622028202,38.00275110364089
2001-01-08,4.363182317635055,22.299060082727415,-5.496526982628178,37.3884956901145
2001-01-09,4.72349493857735,22.38357063275461,-6.661334075332277,38.369179171009314
2001-01-10,2.768619630456228,22.928656110278,-6.040454219592825,38.226373719939986
2001-01-11,4.102972660166992,22.013073340712825,-4.96909400292167,39.321900784089266
2001-01-12,3.7357530225099422,22.230278812042716,-6.020776901234381,39.027444782557644
2001-01-13,3.5965837020255234,21.13621323208956,-6.5618421818373776,40.09209027656487
2001-01-14,5.773244758770071,21.34186440019317,-6.981328529687779,41.19887156073937
2001-01-15,6.049544995575657,21.680405085485546,-5.524101900440666,40.81239813029455
2001-01-16,7.020697846774779,20.658588406063295,-6.215841225510104,40.75722929444586
2001-01-17,6.886079232055994,21.524192722891428,-8.264358363339827,39.29144399744826
2001-01-18,6.686855625803096,20.83399697699628,-8.992622340330621,39.175006155004354
2001-01-19,8.565627454477685,21.079978866677898,-9.285694950264206,38.572802027373676
2001-01-20,6.714434163131097,22.932357131644117,-9.205656327690402,38.76376520858947
2001-01-21,5.365576487470333,24.142240034884182,-9.262169423165487,38.01825726638176
2001-01-22,7.453002709674215,24.661980551064318,-8.407676370295974,38.65961681353979
2001-01-23,7.278346092203655,25.39786273413867,-10.165188602271499,39.068863599966164
2001-01-24,6.9394670049023315,27.445363725968388,-9.376333644257413,41.24530141165821
2001-01-25,7.149684464715308,26.92606023590648,-10.012830514530128,39.32022338310207
2001-01-26,6.223251918297071,28.262578274919747,-10.46932862983206,39.53350133119778
2001-01-27,6.810438096784625,27.964340770702513,-10.96366370542123,39.728373457549495
2001-01-28,7.4995908716462365,28.01160597589996,-10.696528190506598,40.34675375620685
2001-01-29,8.6734968356865,29.903739659863724,-8.270084145455813,40.33589887928789
2001-01-30,8.054133097406252,29.336866970912588,-8.289055173203991,40.41371648584905
2001-01-31,7.034093544504671,28.619887872427938,-7.729131757456653,41.26347262712559
2001-02-01,6.525512219626205,29.832854719512806,-7.885308015385846,41.0509240335796
2001-02-02,6.733050531519131,29.581173039677196,-6.6489172803311005,41.29865252411398
2001-02-03,6.1993840742959625,28.843625414876655,-8.159346919245838,41.33783423827506
2001-02-04,6.478278936457941,29.119384360873248,-9.128289310191095,40.80890243836115
2001-02-05,6.924648063153209,28.976952721676827,-10.382310852229546,40.58324296157068
2001-02-06,6.348769057201853,29.148872816605486,-9.452077999289594,40.13368322648234
2001-02-07,6.436699779133333,30.18573968551783,-9.360872195982465,40.82293250894239
2001-02-08,5.366512927962808,29.309950461756006,-9.533971660854753,40.999377001714265
2001-02-09,5.164440696302524,29.062267835226248,-8.563737349105585,41.574010801978694
2001-02-10,4.638217407884605,30.07917358384106,-10.356345953430381,42.41282693715533
2001-02-11,5.692147019561577,29.670854806661584,-11.390745266771642,41.844077478730625
2001-02-12,5.449539402804334,30.777257883941843,-12.716708735011606,42.97895468074715
2001-02-13,5.5459691019752215,30.885009917024412,-13.499793594445112,43.959783875833594
2001-02-14,6.007441389999125,30.13360333692323,-12.223576324151061,44.24615712059737
2001-02-15,5.0319016271465165,28.421765794217425,-12.66334047896315,43.714707026678205
2001-02-16,5.404934708653855,28.139769137799973,-13.571869622170302,44.187218124145076
2001-02-17,4.675363401940943,26.429560818331193,-13.212080632619616,43.653289584128835
2001-02-18,4.561394692520288,25.88213352727264,-14.820609989323824,42.80622842738984
2001-02-19,6.23322252496709,24.727682428059005,-14.820585722620994,45.07573212347876
2001-02-20,6.365693011449163,24.693048512074462,-15.525485981359553,45.09299659739185
2001-02-21,5.657488674527398,22.217999944980612,-17.601331564511074,43.65357391159048
2001-02-22,5.488578382323508,23.494565814812677,-18.659240136395177,45.216036213244365
2001-02-23,4.804516028192316,23.985534207061644,-18.249716351549637,44.02462770831159
2001-02-24,5.090137410940682,24.404402747487815,-19.7704817531318,43.95013224550877
2001-02-25,4.22052841443699,24.687801316007423,-18.428263695334607,43.580001098309864
2001-02-26,3.8116357106747754,25.485555782401953,-19.96846048567331,44.22428339481415
2001-02-27,2.8998037053257564,26.84242548119051,-18.496070124379326,43.80071998966929
2001-02-28,3.8218926162160236,25.368614896613085,-17.3630255181243,42.5066076829705
2001-03-01,3.1276679817475057,27.115129125840205,-17.45829354130728,44.69616211917063
2001-03-02,3.2505075231018545,27.860768118704655,-17.698277959383645,44.2334266668469
2001-03-03,3.1859751210267255,29.028155718191403,-18.9688129463622,45.06218229305357
2001-03-04,2.515441059619304,27.05351445872931,-17.361633039773757,44.433438757243046
2001-03-05,1.6900723626410998,27.50587880319341,-18.41426346561936,45.75586280133734
2001-03-06,1.1806035520309444,26.097764207375157,-20.001966453748867,44.512576000609116
2001-03-07,0.8858515365301413,26.039205213559693,-18.967944399833176,44.90578750672297
2001-03-08,1.781136954595106,27.292983116670545,-19.006894729281385,45.38287625366224
2001-03-09,1.5250842483588687,27.896701701177566,-19.299601335019858,44.633551751714926
2001-03-10,0.28682140506716136,27.55486844735047,-18.955342315038646,44.53404058421982
2001-03-11,-0.6725042217832421,26.08716458827331,-18.319321319351097,45.56452795611996
2001-03-12,-1.0731136514793187,26.35006898426258,-17.72846011226214,45.53393673324121
2001-03-13,0.7232284103749675,26.335515673794095,-18.06250541634496,45.371457642218154
2001-03-14,0.23641081679044007,25.849142272563117,-15.36845691371462,46.11572074248705
2001-03-15,0.13491006797217348,26.84409031729093,-17.026293874817913,47.35154200464915
2001-03-16,0.13255461375428415,25.621614277454256,-18.006068397226507,47.22894271780113
2001-03-17,-0.10054200754430018,25.823891633341812,-18.437449231675327,46.270812610723304
2001-03-18,-0.07191506380468146,25.236221243553203,-18.606752015000087,44.701804053095366
2001-03-19,-1.2817200022969284,26.19106469979212,-17.330323377275093,44.27850967375549
2001-03-20,-0.8977377640919937,24.498116289999167,-17.047007521345446,44.73105463537449
2001-03-21,-0.4855362566172929,25.068628631773198,-15.50217901331482,43.50001329996077
2001-03-22,-0.6416847139432252,27.145002022044917,-14.816000460092145,43.66623770725724
2001-03-23,-0.9823445545663955,25.584929216162752,-15.117260992467388,44.9298073337191
2001-03-24,-0.4316826030365387,25.54561540564235,-13.94178129078313,46.242276424206636
2001-03-25,0.0036016412879945614,25.522752546892015,-14.1923160057581,46.91289690267604
2001-03-26,0.7611419095521784,23.015077070649703,-17.421277112587752,46.30395152779351
2001-03-27,2.065331290604401,23.363465903968734,-18.618285551315502,48.0528314372917
2001-03-28,1.6202179606923017,23.0692169997554,-19.368051261606595,48.4818786189094
2001-03-29,1.971915522214609,23.190360672196814,-21.213059796638834,49.06823576613134
2001-03-30,-0.36168362378949803,22.264366152724296,-20.306452612183218,46.637590929198716
2001-03-31,-2.4762628189162204,22.013728711933126,-20.86923036114879,48.978136767146395
2001-04-01,-3.436285334118028,21.085388607545298,-20.62277686814676,48.4393701429008
2001-04-02,-3.1054069300657745,20.87815810880747,-21.391262008317973,47.823750804655205
2001-04-03,-3.6688042595591277,22.283518509761404,-22.03000897385831,47.861925339564884
2001-04-04,-4.436011751450717,22.647635450139187,-20.520919182336822,47.97811019200135
2001-04-05,-4.889498392716721,22.590118948068486,-21.047971376249638,48.008588715452206
2001-04-06,-5.890540248140578,22.561727282124945,-21.098484953121442,49.77444786962286
2001-04-07,-5.457439684941283,21.013029583394847,-20.807234913848763,49.81309455530089
2001-04-08,-5.792745632925476,20.08514012547179,-20.772931030386964,49.1683149410071
2001-04-09,-6.309532490509882,18.093388498748972,-21.28534256898843,48.350893035927186
2001-04-10,-5.568378507742787,17.123985130419076,-20.696387844440647,48.76059933874821
2001-04-11,-5.541762716059239,16.333122163237356,-21.144013614663212,48.43426961511238
2001-04-12,-7.12759441738258,14.973105447085613,-21.675374348878133,46.21934735748941
2001-04-13,-6.446170765201181,14.954075444507238,-21.25769121668054,45.59446492942418
2001-04-14,-5.034341847380631,15.118820375287074,-21.516399003244633,46.073938576644046
2001-04-15,-5.676282330549887,14.89371480189497,-22.53855704167404,45.58253203514677
2001-04-16,-6.992047248825993,14.954799174066075,-22.10358164794335,45.36161910732651
2001-04-17,-9.322412294687403,15.545065675841268,-23.209642684695208,44.662213394923995
2001-04-18,-10.45117362468034,15.760230735182336,-23.963087973615067,45.2131309589261
2001-04-19,-11.147981525151181,16.798195076196947,-24.078782933177145,44.80164687142945
2001-04-20,-9.844789001813595,16.520347203310013,-24.10703694358259,45.186074930699874
2001-04-21,-8.262016315881224,15.737817090128575,-24.665117835393094,44.85632437122453
2001-04-22,-6.392850488830324,16.56301677132785,-25.00424747834024,45.98294060817888
2001-04-23,-6.608659500046707,14.185294345891286,-26.068072735974315,46.815413807152694
2001-04-24,-6.483238760635832,14.406012407129218,-26.701414925102025,47.772322341401214
2001-04-25,-7.44337283630692,14.97090597021154,-27.140266756037462,47.15586445548324
2001-04-26,-7.5880489085239216,14.684637904703521,-27.362236335624043,47.90418413647077
2001-04-27,-7.450924439019961,15.783929226959238,-25.49090499440575,48.46987184110734
2001-04-28,-8.922701587007701,16.4146559403705,-25.21731057648393,48.384510483351136
2001-04-29,-8.530741822708123,16.708317255780543,-25.314944888615745,49.16214673467932
2001-04-30,-9.817006360760342,17.917717489254823,-27.842715162958587,50.32115931034818
2001-05-01,-8.423239157954882,18.60860164386902,-27.730929486099143,50.969608660520954
2001-05-02,-7.517703163018119,18.780392774189956,-26.30173847670302,51.0462953836057
2001-05-03,-6.798525900988715,18.631205526703944,-26.053642968926916,50.17487458188081
2001-05-04,-7.586101219891064,21.504432036132073,-26.97129884133366,50.46260281421431
2001-05-05,-6.97786212597204,21.668197195313812,-27.748496606264823,51.68139611727006
2001-05-06,-6.73501779812549,21.972751260426467,-28.733003740080154,50.822207029387236
2001-05-07,-7.778452452662044,22.077111219463113,-28.521462923646226,50.274843528329974
2001-05-08,-7.314615522972212,23.710072411930692,-30.53112950346029,50.68089557139302
2001-05-09,-7.197266774418686,24.01035796907871,-30.908631331162454,50.33770359372754
2001-05-10,-7.135985218773112,24.46367589462292,-31.914495482773585,51.33643809971589
2001-05-11,-7.323912297491217,24.651364900720147,-33.951295661293365,53.01976574268515
2001-05-12,-6.031708758932788,24.857520899264248,-33.81921737102212,50.86829464590455
2001-05-13,-4.427802348177002,25.813108774571297,-32.98277031809678,50.55538633595936
2001-05-14,-4.114137513671472,25.604087530801362,-32.47801265836088,51.09428170717527
2001-05-15,-4.4380708208119195,24.87804757157876,-33.53394355124975,51.54674647784169
2001-05-16,-5.188091246845041,22.983845546202716,-32.96257993351166,50.87926600006289
2001-05-17,-5.923614605590959,20.792619543194718,-32.96776405391207,51.819022972141845
2001-05-18,-7.538665522349273,20.79049090351911,-33.30401356019224,53.1823979044458
2001-05-19,-7.568522780291302,21.389500271571098,-34.278412523681226,52.02706286490212
2001-05-20,-8.111645304061822,21.46032384132406,-35.281516942018655,51.782947282563875
2001-05-21,-8.195672948138487,20.35016758784496,-36.30031951114418,51.35368784419781
2001-05-22,-8.725126390108615,19.27180186855506,-35.84928882888861,54.42707839661561
2001-05-23,-8.48323531769234,20.442963597961235,-36.567610137424026,53.08436644787689
2001-05-24,-6.8668233374383245,20.652347988534892,-37.54037290766866,51.555481021217005
2001-05-25,-5.537627896521466,20.89531493816513,-37.88993846628423,52.022901414075115
2001-05-26,-5.803248820030692,20.501295916328395,-38.056872349033604,51.979966877548286
2001-05-27,-5.55467205833881,20.708601875730018,-38.07572981845595,50.92875449369729
2001-05-28,-5.477207855493867,19.497731146743433,-38.91442903685306,50.1103627316884
2001-05-29,-6.420504152264659,19.080563620026286,-38.98550242087212,52.41701451177831
2001-05-30,-6.172025046078625,19.503801750423452,-39.23754318469132,52.99052208240986
2001-05-31,-5.334923739614645,19.77652368749688,-39.87246897150517,53.92524601298906
2001-06-01,-3.0729111377597,21.91729932794492,-37.19582637637975,51.723851579137246
2001-06-02,-3.568204504970826,21.24301207105719,-36.404391782346636,51.422374697398254
2001-06-03,-3.3301349294789846,22.045340323876257,-36.39980485937567,50.056898801425035
2001-06-04,-5.676946879145996,21.99016021952478,-35.208108491207184,49.875175315633456
2001-06-05,-4.60979970583855,22.443870762038536,-35.283343156870274,47.951102193278444
2001-06-06,-3.9738036873612756,23.634586702004967,-37.213480308143936,48.3841634882904
2001-06-07,-4.7008809331311685,23.910513172381137,-36.66863709430762,49.3118175267473
2001-06-08,-5.588059854104742,25.12951067731128,-37.38898055152191,48.503522422085204
2001-06-09,-4.961201001771012,24.853376914408713,-37.82973510734753,49.114127837540046
2001-06-10,-6.3646123692330985,26.4542260796323,-37.88623588430127,50.03439853103681
2001-06-11,-5.915566445049432,27.44946011262517,-38.38054997766631,52.160639513020726
2001-06-12,-4.674853718755232,28.645802452057143,-37.0184036209653,51.70645204809545
2001-06-13,-4.904777853194324,30.25712963609623,-35.22433677272213,52.91787222673376
2001-06-14,-5.511940024973599,29.947759387076403,-35.00222407553563,54.5950615843291
2001-06-15,-5.425373312828527,28.474317522909697,-36.53136660963366,56.08142399863715
2001-06-16,-7.478629795945158,28.32381912578052,-36.105852716573615,55.87374401037713
2001-06-17,-7.94904779482502,28.161309233104372,-36.34714869001265,55.84041986203683
2001-06-18,-8.507337036336118,29.020402386301118,-37.31375258284216,54.93362538115935
2001-06-19,-6.021519423454512,27.96041104358685,-35.85584488857074,54.48476205944771
2001-06-20,-3.560582178747907,27.470375837646348,-35.72170474919567,57.03293338025858
2001-06-21,-4.343625096094457,27.88727559939988,-37.152624422222836,56.677257886917495
2001-06-22,-3.1140829962246714,26.89384047947117,-35.59885591206718,54.8503828028754
2001-06-23,-2.721476240631162,26.620791413166092,-35.41473228575747,55.68822772443716
2001-06-24,-2.610003970023916,26.01900222922187,-34.744942993231504,55.61660457968255
2001-06-25,-3.514859757253244,27.68811229853799,-35.16008343300042,54.79893031463254
2001-06-26,-3.821932112545926,27.593485857845085,-34.86050018671333,56.33543815338198
2001-06-27,-3.15605138952898,26.56696604128014,-34.868681505756236,54.98048262934014
2001-06-28,-2.572554960569072,26.498072339496904,-35.86192660058923,54.813069307421046
2001-06-29,-2.415542066205587,28.22151384945899,-36.096037242834804,55.18587476980372
2001-06-30,-3.030605349877391,28.47055087067013,-35.874335381241465,55.33460269803109
2001-07-01,-1.8566235117990724,29.066559057577724,-34.56332621324983,55.08037845925184
2001-07-02,-2.5273970198198885,30.16169104808811,-34.007591161718594,53.9127582338803
2001-07-03,-3.7784326249395512,30.791272913997112,-35.029479675468885,52.3140347303287
2001-07-04,-5.682712129903321,30.659257303262393,-36.03437162557129,50.74421899705102
2001-07-05,-4.954221146235569,30.48181215781712,-36.69673803806466,50.96009457902718
2001-07-06,-4.467119419057562,31.062507258976787,-37.49833124194904,50.43357526678634
2001-07-07,-4.671639117232866,32.05472052750376,-37.31358375164045,48.86791393967077
2001-07-08,-4.972163701719586,33.54169485063926,-35.80019396369367,48.58799109616827
2001-07-09,-5.365994568487483,33.25535244089928,-35.62627346453533,47.959191198606014
2001-07-10,-4.9125732320177065,33.123647330489604,-35.71780438322093,47.97559139679157
2001-07-11,-5.4857390954463945,33.80275231118261,-38.003304499708655,50.07648893105465
2001-07-12,-5.025357997297097,31.16748221768755,-37.37496695604846,49.71866006981145
2001-07-13,-4.568441901959828,31.54155874945539,-37.62277770561613,50.03047740721156
2001-07-14,-4.874954094797818,30.742477063934984,-37.51855992734349,48.783333201596044
2001-07-15,-4.610788985992342,31.37716306692482,-39.27977919380147,46.00443419534489
2001-07-16,-4.6272488068092485,31.557450598246017,-38.3296585580773,45.94700644794987
2001-07-17,-4.98374486952614,30.989487056839625,-38.473557221959275,46.14680718926473
2001-07-18,-4.570092186971314,31.653301393091947,-39.64459415641237,45.23230661194369
2001-07-19,-3.96468764619366,31.178203637732167,-38.10221369796857,45.599040497040505
2001-07-20,-4.059247293282832,31.41899969132147,-38.45622160576892,44.56384089689609
2001-07-21,-1.7726035434891037,30.413555590492667,-38.31280603177009,44.65365206016614
2001-07-22,-1.1887256600207996,30.931371303611403,-38.07520559966551,43.81810563590978
2001-07-23,-0.3640623219235902,29.91542506684409,-37.66008514669351,45.3027813801126
2001-07-24,0.837994714379955,30.851969194403107,-38.81537442062873,44.60002426339526
2001-07-25,1.3050213103070258,29.981553452179316,-36.721854154535556,44.07378365809142
2001-07-26,2.3652714875897436,28.627073644814246,-36.412265225307394,43.3380067853843
2001-07-27,1.7954883470902225,28.084624235399705,-37.70982530378487,43.15675532997654
2001-07-28,2.440040655144516,28.01426696273376,-36.688245349891496,43.87623523642753
2001-07-29,2.462197540448001,29.243552322818495,-35.608151693484935,44.25922608943822
2001-07-30,4.171174576172186,30.09598411016776,-35.4414794314034,43.903863855857516
2001-07-31,4.59792042390605,30.063059388810885,-36.79753551889125,43.56830102609565
2001-08-01,3.9733910207706096,33.095959140251196,-38.660229580946236,44.11200157006825
2001-08-02,2.489381208213404,32.72491355962398,-39.73427002230585,43.84681473981064
2001-08-03,1.7500524800470108,34.9471291129497,-40.984752746975175,43.94378999500118
2001-08-04,1.9169508328568114,33.73093834281939,-41.759556359742604,45.59350803236689
2001-08-05,2.2365219838178216,33.92783297076795,-43.74117928794884,44.40471408384741
2001-08-06,2.8775849520986654,34.652388016265384,-41.61324875491283,42.99924075880092
2001-08-07,3.7393505408559458,35.08072605972624,-41.804249258438446,42.781747945681445
2001-08-08,4.8389904379026225,35.72116171367536,-42.36819007654866,42.389490310889244
2001-08-09,4.81435484261622,34.79773881082213,-41.69729102552047,41.81096633419438
2001-08-10,4.063507851630873,34.57260723242213,-45.31721065289836,39.116419462449095
2001-08-11,4.378948072771643,33.356884065635136,-45.367725435697956,40.66488893810887
2001-08-12,4.279850607206381,33.69579305383311,-44.93697951565523,41.11442244970581
2001-08-13,3.8990503171216044,35.15586144688413,-45.32864456291028,43.94635380285602
2001-08-14,3.0639815030836646,33.965014310378216,-45.09865960679835,43.28794759331193
2001-08-15,2.3537529622773863,34.329606627290666,-45.18244980880398,43.06921220703795
2001-08-16,1.659156265750573,34.16318385605767,-45.5991564896549,42.57625774811058
2001-08-17,1.921114102159643,32.829453400335574,-44.78565805927296,42.26192410154411
2001-08-18,1.9781896915153756,31.648991345785188,-44.88892085929032,44.60141671324835
2001-08-19,2.691935803608531,31.555336376508563,-45.96389654905079,46.03859541171868
2001-08-20,1.086696884869056,30.215256178688314,-45.41212157154907,45.55610756309253
2001-08-21,2.0721065118963478,29.013887883342765,-44.65042792269852,44.34025770401955
2001-08-22,0.9134971507478884,29.017699265510945,-45.23965655384039,45.21162221423247
2001-08-23,0.6656428926115943,28.44325979436065,-45.17390181674561,44.87294670515983
2001-08-24,1.849883981401978,28.687496511467444,-44.789613169608984,46.08548181933293
2001-08-25,1.7801463281934495,27.72664536311619,-42.37825267748663,47.08215518550873
2001-08-26,2.732072790386538,27.96897403937119,-43.40418445287977,47.0662063317627
2001-08-27,2.0402055239138877,29.582840081772556,-44.491024744067076,47.539351972292934
2001-08-28,1.773067606199465,29.368734203066076,-44.84631384505442,47.844518737906405
2001-08-29,1.9278097915353425,31.348066276786785,-44.72453992410861,47.54342011124076
2001-08-30,2.114452162949769,31.667242213562155,-44.192594354449504,47.742899801828955
2001-08-31,2.9178788427583755,30.619276899898523,-43.877272029670024,47.51814578065959
2001-09-01,4.709861474633256,31.30730456683363,-44.07420133997649,46.37276216741889
2001-09-02,5.0694196891767564,30.90392563894672,-44.80942509839745,47.91371768403644
2001-09-03,5.007923444606963,29.197639858601278,-44.06878205269342,46.46805228965675
2001-09-04,3.7032624572998376,28.62427395276109,-44.377298314226174,46.561728002038684
2001-09-05,4.150232089057997,28.34915079436166,-44.12003378663936,45.580351172431804
2001-09-06,4.907220746572157,28.777370981590835,-43.38298985783815,45.822547738135775
2001-09-07,3.098327782048841,28.651543398471397,-43.29111379479555,45.90072253519926
2001-09-08,2.6465826357737128,29.46617682597481,-41.96882193661074,46.684423301440965
2001-09-09,2.918986943322299,28.786666819998402,-40.794104712708,48.0664190946086
2001-09-10,3.1455442300339445,28.741762700566163,-40.07628035285283,48.71432113023511
2001-09-11,3.52607318779692,29.540005603383307,-38.855028048726865,49.576562184087685
2001-09-12,3.192178264006899,28.98969090520203,-39.762585183199164,49.035321066180856
2001-09-13,3.2603931086739384,30.962832646397512,-38.18908429533956,49.228139730271465
2001-09-14,3.3678743129543993,32.09347898998316,-40.04229785959668,49.162483986344576
2001-09-15,4.144735194418498,31.9270441824392,-39.640050380078144,49.27761361126096
2001-09-16,3.0811354942386657,32.599040814996606,-39.1823669719953,49.14590362327322
2001-09-17,2.426207495410128,32.05592128749617,-40.23253348054398,48.581925502567415
2001-09-18,1.8688636017217952,34.38211952326231,-40.17946874628792,48.908738295055564
2001-09-19,0.4462642096269285,34.1748765311418,-40.429893433105924,50.14279659281966
2001-09-20,-0.08155463953447173,32.40176064677382,-39.72087959390759,51.0355711218756
2001-09-21,0.6860297891206072,32.19481185424816,-39.54026707804157,52.43880601844924
2001-09-22,2.0143465643595957,33.13267033456701,-38.92570891551503,53.397367108117514
2001-09-23,2.169214522657586,33.071506900172054,-38.985768357560836,53.709716337447226
2001-09-24,1.447627598023376,34.46750411088827,-38.97895490906449,52.59537413882645
2001-09-25,-0.05188788725119764,35.53255225227638,-38.64266280238708,53.74156080200733
2001-09-26,-2.5351050305330722,34.62881128714293,-37.63401108172873,52.173230305474156
2001-09-27,-2.5339080169126706,36.32142808903547,-37.823890049056494,52.00682152106064
2001-09-28,-5.342112242240516,36.74621156199762,-36.65753971994188,52.074706957927866
2001-09-29,-5.043256104353453,35.33054673084161,-36.96079940104834,51.95230291978218
2001-09-30,-6.328649601089099,33.542316442059125,-36.587269733018964,51.114029595679064
2001-10-01,-7.182723387720479,34.76340191793562,-36.46797589934356,51.09266907308115
2001-10-02,-5.645613191184084,35.731183934356245,-35.77040206521021,50.55245604232381
2001-10-03,-3.788131742663839,35.61033005571419,-35.04532991377561,50.53048588730325
2001-10-04,-3.9736159715340005,36.565011396523815,-36.23973162673328,49.276907716045656
2001-10-05,-3.980117010454314,37.40052051077774,-37.89142563054493,49.16611931092592
2001-10-06,-5.184614203448604,36.01226463151868,-38.5066639739791,49.88787867149037
2001-10-07,-4.546482673029892,38.0943966753449,-38.38160395734394,50.8037906858011
2001-10-08,-2.3089725837325457,37.005468406463216,-38.420283849931366,49.66003805325697
2001-10-09,-1.1485163044971776,37.37581562039455,-38.75795831798617,48.86616940361537
2001-10-10,-1.3318113894768993,37.44055789924823,-39.08859441102605,50.14648955044994
2001-10-11,-1.347818851185179,36.81446219351626,-38.40440218895072,48.745165075896516
2001-10-12,-0.8122655542717687,35.7080492710207,-38.29025598802037,49.48618752900565
2001-10-13,-0.6873471551772551,36.7714174247868,-38.27102621242248,50.627310746632936
2001-10-14,-1.5277742582959781,35.721455558434386,-39.40996212156912,51.55083876089384
2001-10-15,-0.7914798818106046,34.24514796346892,-38.61934341425952,51.59524250657189
2001-10-16,0.8207842447747524,33.8444232485108,-39.86483739110901,54.17367538325509
2001-10-17,0.6215997769283845,33.30440884044092,-41.53505907648309,53.26013391958994
2001-10-18,0.9948472232805452,33.0801281250782,-42.20165813249215,53.52810281228367
2001-10-19,0.910140092940479,33.704948850329586,-42.45278624285547,52.79497665866845
2001-10-20,0.5470818984342056,33.09138338034705,-42.605689433158965,52.84761082275672
2001-10-21,0.049974776612553284,33.40205198012558,-42.212606266142856,52.42102325275436
2001-10-22,0.8904052608809752,34.68943620329412,-39.810706222942116,50.8429546810472
2001-10-23,0.73793825551567,34.52298458614499,-38.17824967296861,51.12330290506943
2001-10-24,1.6696630584039884,34.19420444371783,-39.15322611887224,51.694286975366886
2001-10-25,1.6708475159743075,33.56526605519525,-39.40891649592357,51.946540865878475
2001-10-26,2.8590813483308226,33.36276109486898,-37.45595797152988,53.191183849336625
2001-10-27,3.3048725136752886,34.05956775167407,-38.38038914497375,55.166779228797445
2001-10-28,2.3779203544581273,32.55781229387567,-38.636395087791406,54.3718233145072
2001-10-29,3.6668302868137888,30.859518205715542,-40.27605538439456,54.066891244165404
2001-10-30,2.7049736299499867,31.184485009153924,-39.53209505939212,53.867940611156214
2001-10-31,3.6522846551793364,31.199320842692384,-39.54581884809486,53.840442356592526
2001-11-01,4.296046023230975,30.126456060955917,-38.72826751992629,53.62927096416654
2001-11-02,4.19721586673931,30.575825924200394,-38.22719460018927,52.105217751529025
2001-11-03,3.8543704820021074,32.41885669129821,-38.22279709645045,50.127906301389146
2001-11-04,5.125617852610625,30.52334449317667,-39.86789183549941,49.24224694893533
2001-11-05,4.7129308643810575,31.43164519924841,-39.00061976539198,49.733754211776585
2001-11-06,6.667612948493164,30.446220861394334,-39.14906681936257,51.85671827527455
2001-11-07,6.368194911543291,29.893823367374203,-39.828840503434996,51.91277910796858
2001-11-08,5.990683717157221,30.346430729610223,-40.87431144248712,52.00927269077311
2001-11-09,3.257984720491423,32.27371743120017,-41.150996957918466,51.87044113557502
2001-11-10,3.119980214162344,33.804902136572466,-40.30820172288674,51.68569056768211
2001-11-11,4.808551523174884,34.85597609824547,-40.77760485418877,51.280310206206465
2001-11-12,6.622651285335477,36.09307067226868,-40.735227517851825,50.95618535243343
2001-11-13,6.314929554757071,34.88032353162537,-41.08667475826302,51.90126361239387
2001-11-14,8.055209144224914,34.72648703330206,-41.00061315610635,53.03601922928919
2001-11-15,9.03703256794998,33.08217121342517,-40.18908522038791,54.345862699079746
2001-11-16,9.576176751872051,32.78594684274997,-40.11452298842796,54.667774702975436
2001-11-17,8.744672210703182,32.31475535715078,-38.80769898931515,53.3553860149682
2001-11-18,9.281117633105575,30.248584476905197,-40.396692749288334,52.88646030383063
2001-11-19,8.327601306157122,30.02030471442586,-41.040049686395506,52.92582077222118
2001-11-20,8.735335385400148,29.32325677140372,-42.72932510022902,50.482375700666566
2001-11-21,9.551525952745063,28.334965249008174,-41.85118420490693,49.93105179878454
2001-11-22,10.564784968281856,26.913926464366256,-41.176827024145425,49.88061194139068
2001-11-23,9.676638675031139,25.57024901608315,-39.84279422708159,51.1848314245617
2001-11-24,9.580793662390178,25.294842253005672,-40.757924073891594,53.10524606122154
2001-11-25,12.131127443490112,25.920565157395295,-39.583777978653735,52.00079176845376
2001-11-26,12.296555350092603,25.827435204271932,-39.42209405884568,52.21116113554327
2001-11-27,10.73727662244892,24.323106895041203,-37.96771161627469,52.34826347817248
2001-11-28,9.77198061969557,22.65725037429135,-37.04107841083133,52.34145401355872
2001-11-29,7.96965775855094,21.82670804859307,-37.03621085095969,52.440921700087436
2001-11-30,8.295305442132918,22.25864197135604,-37.00580035943977,50.285121367439814
2001-12-01,9.004626815304126,23.611959368344003,-36.09077896123527,48.02592306153014
2001-12-02,7.801245776061282,26.40996624523943,-36.26678669195793,46.890781242770416
2001-12-03,10.883953859015273,25.75371638274025,-38.68432458663357,46.722185386402636
2001-12-04,9.190414726363763,26.82051614246204,-37.668921898815206,44.5578482342167
2001-12-05,9.212753900184458,27.481192983017714,-37.83319933064344,45.96319681264295
2001-12-06,7.819122105807063,26.360675688986337,-37.26771139692838,46.14025012307953
2001-12-07,8.046623473564784,25.674514082902526,-37.18826382804089,46.69175773133517
2001-12-08,6.12680278477018,24.9687740895966,-37.633509694962484,46.56307256503964
2001-12-09,7.051439257816224,25.489022726245842,-37.540752876194276,48.21809770826842
2001-12-10,7.470602268191455,25.309832588676763,-37.076443511155524,49.324726990866246
2001-12-11,6.938160038180332,26.05431083314745,-38.618913089831,50.70283548986461
2001-12-12,7.237898680898062,25.73582588088802,-38.26636767957388,50.79027528909731
2001-12-13,6.861131547146795,25.173535186501756,-38.13694597268665,50.93298475788996
2001-12-14,8.924797959304787,25.692553020683857,-38.24662826360958,50.95032372344416
2001-12-15,9.48524140286521,25.39067159169307,-38.99067420059915,50.76651173195937
2001-12-16,8.466504694747368,26.548490147086863,-38.63021634618876,49.562025148084565
2001-12-17,7.593706322364658,27.62897951699021,-38.234206040329006,51.64112118309518
2001-12-18,7.8639968984850315,27.94276560407734,-39.4336758903017,51.907158186603965
2001-12-19,6.469928449835616,27.7566439697924,-40.00936845582798,50.835118020472564
2001-12-20,7.028994866378822,26.946061880877057,-41.63682663834672,50.251531317538905
2001-12-21,7.536147588068036,27.349562496126268,-40.130543191868526,49.08760449471889
2001-12-22,7.349746474457967,26.81620884657032,-39.16711847563305,49.854758601973316
2001-12-23,7.538550101235079,26.23975047573475,-40.072535995818235,47.89888129992814
2001-12-24,8.349695029265359,26.998583057212347,-39.54509649735664,46.878716515548845
2001-12-25,9.35416612422532,28.814021435091032,-40.16997388599804,45.34440643697984
2001-12-26,7.772720700421638,28.319450464681957,-39.41515884838574,45.86309795787135
2001-12-27,8.005545248588183,27.448405367049588,-40.286163410584024,45.21258426357258
2001-12-28,9.111657550869307,28.17349462310796,-39.26857247193738,44.15046722380419
2001-12-29,11.432249896142375,29.439142548482927,-38.50278141934231,42.92709375103047
2001-12-30,9.666799325645325,28.20874818824659,-37.64224086982243,41.991775256640786
2001-12-31,10.656253153256293,28.496695203835426,-39.34703667142831,42.66780856522974
2002-01-01,8.221239380234035,26.903539588509815,-37.967465232055815,42.61417599643628
2002-01-02,9.419362219276794,28.898240415956735,-38.826616152994106,41.91639046428714
2002-01-03,10.99731511125829,28.318834446468657,-38.23062863709342,41.96220771118098
2002-01-04,11.026890778257984,27.5809806868795,-38.022316783560484,41.937100380313034
2002-01-05,11.75587614474468,29.083883445622092,-38.842050506112145,41.393239527777446
2002-01-06,11.993976591883825,29.2542726134069,-37.438633190809355,41.07137668070156
2002-01-07,12.091935364620268,28.76854027412613,-36.52529588624458,39.91374672384908
2002-01-08,12.481358610632281,27.473379567853907,-37.4867450625819,39.930573551366514
2002-01-09,13.785847447124407,29.20690709807314,-35.23685054423526,41.10214389427496
2002-01-10,12.70736544320469,28.037325680058025,-35.55558705703236,40.482547139590146
2002-01-11,13.932303888679076,27.68866438380948,-34.8187448097232,42.36404263098075
2002-01-12,14.662995335041284,27.70351689027715,-35.43615118331436,42.676485344177856
2002-01-13,14.979036011582414,28.75552788454415,-36.59870608778893,43.14290898442858
2002-01-14,13.896807068828412,29.216082550689976,-35.45882317276618,43.82064981643891
2002-01-15,13.404492312384615,28.69221515785034,-34.55265173392686,43.23270862727558
2002-01-16,13.94164400497978,28.06117354202274,-34.97930053820315,43.65624435317498
2002-01-17,12.356620372129155,27.94108821174454,-36.622440705080564,43.357903594293994
2002-01-18,13.574795088838219,29.12769908831843,-36.22990531695692,44.58011462647329
2002-01-19,13.279059560536489,29.567077837009588,-35.116362785768075,44.28479186178225
2002-01-20,13.50586068588949,28.76793828416794,-35.651965605668806,45.69439124680475
2002-01-21,14.199262642572792,29.39415741527798,-33.820872314979994,45.00513518116103
2002-01-22,14.079938765093333,29.819188278572224,-33.743873968982896,44.908577905654354
2002-01-23,14.498609690802722,29.092338974439453,-34.31498969306946,44.62474405992284
2002-01-24,13.670467687264834,28.705329820041573,-34.33533610744582,44.28614273990891
2002-01-25,13.039775309578745,29.03955052233922,-33.909160617945844,45.22544612258286
2002-01-26,14.566139519057169,29.24497099340896,-33.45530736023648,46.25072059685345
2002-01-27,13.532248510309804,27.81037991451764,-34.45914680403383,45.845001308626145
2002-01-28,14.711548004596324,27.438111776580875,-34.136551837909664,45.4865083106549
2002-01-29,16.136701073928094,27.59590659186764,-33.61596736980948,44.06137904468645
2002-01-30,16.02723739851084,28.08198298985422,-32.43014435401328,45.20905698292404
2002-01-31,16.51488910262448,27.708062839798217,-30.838446293185328,45.399479321175995
2002-02-01,15.51167507994463,26.599648684233344,-28.8792692896206,45.80796278317565
2002-02-02,15.363101761850137,27.504349506359997,-29.462920467198003,46.35958928283277
2002-02-03,15.621232673879767,28.321047629836553,-29.319218725180576,45.50015778827196
2002-02-04,16.284968544342632,28.789343557852256,-30.458916701502538,43.94345653933965
2002-02-05,16.55141029575319,28.672635036073228,-33.14008001436368,42.56031150795386
2002-02-06,16.949012262334634,28.35008615299125,-33.736651556522816,41.57312052101508
2002-02-07,16.733214551651656,27.277959159976337,-34.314758634222144,41.89419833005605
2002-02-08,16.53575867741286,26.824570223521718,-34.070510427923395,41.82590978114321
2002-02-09,16.1377880460223,25.902090574676905,-33.3438586299075,40.96762107785582
2002-02-10,18.935078730573757,27.51941362075504,-33.60864574735575,40.005242966777814
2002-02-11,16.97337780364137,26.053346367794454,-33.31002634756903,41.12973160677713
2002-02-12,16.58505653392673,26.134900212960506,-33.7943811688702,40.9406919764621
2002-02-13,16.13933701125142,26.221639643987455,-34.17092238007013,40.51972165195001
2002-02-14,15.957760395615347,26.376847588891046,-34.27795995529776,39.47375499468119
2002-02-15,16.314659093299387,26.927114663870046,-34.97756402816486,41.2870645594315
2002-02-16,14.767096219921505,27.05388984718712,-37.49037151096284,40.720751609018215
2002-02-17,15.866770346142442,25.554503077085513,-36.16908428707382,41.59635188656637
2002-02-18,14.942430323541812,25.460587134186138,-36.416422968266,43.30657166870881
2002-02-19,16.749324958529225,26.681297834332707,-36.1965156526202,44.89462334281668
2002-02-20,17.450730014521838,26.00437689877155,-34.96822651339061,43.23451342570136
2002-02-21,16.434382711382426,25.52231813933048,-35.496154085508685,43.29809231581709
2002-02-22,17.462581578100412,25.31868193780944,-36.130979248423806,43.37923423945382
2002-02-23,17.607247334867644,24.12123187580891,-36.82143523657755,44.44773689468339
2002-02-24,17.04487168583531,24.652845621356605,-35.85549744884337,46.22296779160759
2002-02-25,18.026887409437972,24.327150751739868,-35.11794125998829,47.25122740982913
2002-02-26,15.976020201710515,25.11077788484679,-33.24371140192442,48.30757647438042
2002-02-27,16.667766407175492,24.8869485549253,-32.919100885923356,49.13002883179008
2002-02-28,18.507018591232928,25.72087202176216,-34.120835891576185,48.32654514964884
2002-03-01,17.131118750145387,25.84413701624094,-35.300731502779335,46.775088629710396
2002-03-02,14.878994960047688,25.849933891890977,-36.589457014977604,47.96613293291413
2002-03-03,14.598408953254149,26.90668083314296,-37.497748125875184,47.791470835653726
2002-03-04,13.111935325600365,28.425334761235085,-37.40478050834633,47.880438022411845
2002-03-05,14.605574750450977,29.881813132433866,-37.312681933006786,48.13582518011958
2002-03-06,15.230259850542927,28.186321192404264,-36.341332478315934,47.5925495754906
2002-03-07,14.835697944488524,27.397365552682814,-35.37382374884589,47.006312288356625
2002-03-08,14.785230056299298,26.44572806574117,-35.44403028596328,49.44703636470755
2002-03-09,13.302383080819558,26.261631016357487,-35.32275460727378,49.662325256970746
2002-03-10,11.638430125226899,26.874155039626164,-35.45941961334819,48.806107334311484
2002-03-11,10.952342927554911,25.09120498914195,-36.925723951583635,47.418594486835794
2002-03-12,11.558087456842651,25.419635435237616,-35.980874176134044,46.124727622441235
2002-03-13,11.889370266310085,25.830606056827467,-36.47713352804591,48.03011700749458
2002-03-14,12.805733412918554,26.563569417426617,-35.272376291412755,48.97524403079102
2002-03-15,12.170095373139645,24.950390997017266,-33.38829468832833,47.71003762923107
2002-03-16,11.26564796885906,23.99419515777895,-33.262385805324314,47.75750432604053
2002-03-17,11.68239502075159,21.807626953125403,-33.754017242472216,46.4129643070563
2002-03-18,11.712740432375687,22.236053799872003,-31.897925738475006,45.00114244320897
2002-03-19,12.482445208274243,20.520403233838714,-32.47455551104955,46.457184947201895
2002-03-20,10.183488559438672,20.116606048773786,-30.493048447810654,47.91863860889815
2002-03-21,9.017279117616583,21.872737543304854,-31.184708039154597,47.82007535783937
2002-03-22,9.403392466267421,22.520894918424293,-31.29363305263829,47.5047429221933
2002-03-23,9.813187925774779,22.620937794813685,-31.19109331085395,48.45706216659334
2002-03-24,9.692021647214412,22.436893238373244,-31.59489629210136,49.58936331499751
2002-03-25,10.161178862740014,22.138821194899442,-33.06500910214211,49.42352020804243
2002-03-26,8.947110301506449,22.308054361754536,-35.302812286885775,46.743746111852346
2002-03-27,9.346383952404455,20.983103301519268,-34.764919520574,46.33712380584656
2002-03-28,10.120439855285746,19.876585018214662,-34.157920589058264,45.08196525913095
2002-03-29,8.897803845937318,17.66423770981243,-34.765996034353,45.04917188788634
2002-03-30,7.154131858789721,15.97157086459735,-34.11904422985003,44.45206023214321
2002-03-31,5.2847339199535295,17.475204907765672,-33.578267213590095,43.81377101673821
2002-04-01,6.046231189206465,17.865250076786584,-33.3762638292861,41.56774039383894
2002-04-02,6.946893854668466,20.19520486226437,-34.23606119681824,41.68557377257441
2002-04-03,6.632593015986919,20.30837167584301,-33.76973472989186,40.68096448458052
2002-04-04,6.512286288742211,20.32252715661747,-34.79503322130121,40.71622626764619
2002-04-05,7.3241400282568305,20.060195904363958,-35.023957205767026,40.08068561831996
2002-04-06,8.301579414121422,19.970233830872274,-33.344829368984875,39.4857546413944
2002-04-07,6.902225672512773,20.015136984955927,-31.676564321142592,41.02633150520749
2002-04-08,6.485959757614898,20.216204028843343,-30.976511379474204,42.10977109686351
2002-04-09,7.051527363893575,20.362288544431564,-31.658790925190957,42.66402436466852
2002-04-10,7.728810294022829,20.46315174041879,-31.706546306954525,43.07420517048459
2002-04-11,8.148724026369202,19.27647607049273,-30.99327551543068,45.65460122706133
2002-04-12,6.555782447235535,19.260151243744126,-30.207610236151723,45.7004487363217
2002-04-13,6.255117443637262,21.315405450076856,-29.629878564530255,45.896938510119526
2002-04-14,6.317799354905423,21.44129150349227,-29.574558261387516,45.729461673233104
2002-04-15,4.812069080709737,22.310124531880934,-30.602224201403658,44.28226939090881
2002-04-16,5.827952121856982,22.064644786329406,-32.68420558868347,44.08526538029643
2002-04-17,5.834221129734402,20.663367731987588,-31.382119786789165,43.73423419014316
2002-04-18,5.023862873739908,20.86803923475957,-31.518937749861355,44.5368947922897
2002-04-19,5.116251755950797,21.479987805075606,-32.65629949171993,45.452283467534244
2002-04-20,5.670515500196465,21.42444552573122,-31.731415003244916,46.555145015708895
2002-04-21,7.144952847929996,22.698751388277426,-33.12823649155461,48.14661474177582
2002-04-22,7.3054403378060195,22.706722860398326,-32.53018484480433,48.868938294959
2002-04-23,5.78662152418337,22.6076999150371,-32.21889358204223,48.14690662918777
2002-04-24,7.186764595530082,22.553698832817904,-32.26173340936704,48.9626192894046
2002-04-25,5.43986118259203,22.20237126866719,-31.898979351162403,48.774056439846106
2002-04-26,5.495209500690974,24.795955072946047,-31.971871985370896,49.88971714277141
2002-04-27,5.077143291550297,24.2846921151067,-30.883740791635837,49.47646676497795
2002-04-28,6.411234815805839,24.062106781288684,-30.183652848916097,49.617780301084
2002-04-29,6.7064720682060255,24.94719509074285,-29.594330692537962,48.62400029649617
2002-04-30,6.438545635484822,25.427190592708797,-28.6097051531411,46.59340408224188
2002-05-01,6.047053356793155,25.043224916242025,-28.073829133236455,46.40875626840435
2002-05-02,6.822143194154954,25.905575121168418,-28.619702185499797,46.24573374783833
2002-05-03,6.90608269030304,26.003241841075102,-27.66563782190815,45.37597585361196
2002-05-04,7.231538481745913,24.30587800472206,-27.708379254569365,45.53341901608151
2002-05-05,7.12399421084844,25.45836739755404,-29.129603194729413,45.96743234978683
2002-05-06,8.213277626676879,25.860110919707044,-29.18197572080597,45.75624273528348
2002-05-07,7.257275163453437,25.90895439789404,-28.29762034410591,44.32810183719882
2002-05-08,8.367469136200413,25.402269750268694,-30.536135295899534,44.11558527034893
2002-05-09,7.966464343465934,25.71442951154825,-31.46882131031499,44.93308088289718
2002-05-10,8.383217806720838,26.036011713099526,-30.395489859933118,46.1366860478737
2002-05-11,7.805745190147145,25.67942707100534,-28.994165178527574,46.21381011137617
2002-05-12,7.852779788856999,25.67014375465184,-30.68088321350734,46.11563845484469
2002-05-13,6.941636902288725,23.889090276353993,-33.249421843424756,45.716046910544016
2002-05-14,6.124083683755493,23.357408198740895,-32.81094484051532,45.066082811131544
2002-05-15,7.123521952550439,24.90816727794241,-32.30215660814032,45.90771733607678
2002-05-16,7.734916566735125,24.866035859353644,-31.828603097922667,45.10804773562066
2002-05-17,6.476013908464929,24.44655526279667,-31.79727891136491,44.88563172532459
2002-05-18,5.05322808205298,23.496027472901037,-32.909468498543106,46.34015059288192
2002-05-19,6.36390352714142,23.155451817765492,-31.961669122845255,43.41923223726982
2002-05-20,6.968098077338249,23.53251998221403,-31.60341224326767,44.813121952612576
2002-05-21,7.923831342308197,24.253605403864928,-29.013068279634798,44.04731975420683
2002-05-22,7.796483338082297,25.446708394489214,-30.351032544095293,43.60559959684847
2002-05-23,7.985431258199244,26.033661593864597,-31.01487210714402,43.70907984959468
2002-05-24,7.558801678747049,25.064961830478808,-30.890154467050998,43.25177098724343
2002-05-25,9.591191211341402,25.596445925083312,-31.537586062421493,44.84271303437832
2002-05-26,10.906679182943469,24.43751385312327,-32.55881116234735,44.80386707579982
2002-05-27,10.17122567127808,25.078463768310627,-33.89810139879838,43.007483924183205
2002-05-28,8.864693579302939,24.631159742926773,-35.471545992433356,42.24024605132972
2002-05-29,9.964606155952826,25.018856216251788,-36.26382006732166,44.803944495854154
2002-05-30,9.752642904560645,25.201228219294624,-36.46292469617008,43.68007390933039
2002-05-31,9.885678717589595,23.634547073329763,-37.20400968937414,43.98087748511316
2002-06-01,8.80613786224932,23.70407436778499,-37.83475544089586,43.52157437880013
2002-06-02,7.974522830934268,25.266282025819972,-37.59041837373994,44.79055552599478
2002-06-03,9.630607801981562,25.536552281767325,-36.424166543677444,44.292353997463564
2002-06-04,8.767031149056706,26.88772508809786,-35.7840301673906,43.8510354646046
2002-06-05,10.071876592673654,25.90431692065798,-36.558577403789826,43.76656219859916
2002-06-06,9.148968563332566,25.991658882452615,-38.31104640168006,43.89084026735455
2002-06-07,9.944249937188038,25.617184891011483,-38.58939446932849,42.92097509498558
2002-06-08,8.65850216918723,25.38383892364821,-37.95089551462549,43.050048235294895
2002-06-09,7.81526383687521,24.909272738454888,-37.96175843013102,43.19943242911088
2002-06-10,8.434677520559415,23.39895175113167,-37.079651441710766,44.887285872509096
2002-06-11,7.7064438148613625,22.496675526104706,-37.45804401774401,45.24873759844717
2002-06-12,8.355819337785817,22.122280754047473,-38.11304811193327,44.33062396626259
2002-06-13,7.7172495278665,22.585025517066093,-36.822919480859404,44.55991020275773
2002-06-14,8.459046373629315,21.398933122528753,-36.842025090410495,44.75521318616868
2002-06-15,9.155517630965727,21.765142373273182,-35.59205893012016,43.727053938953034
2002-06-16,8.750233913781292,22.03741431607449,-36.0970408870947,45.289188320336
2002-06-17,9.805473002710649,22.81670963210018,-36.00859032894778,44.87162360726216
2002-06-18,10.047469693517032,23.678230412843366,-35.36788143124139,43.857987938379814
2002-06-19,9.9882868005732,23.06307572587866,-37.36535837812831,43.47194103857734
2002-06-20,10.171002271759795,21.563417497593765,-36.20018604875791,43.628997531464215
2002-06-21,8.901389780460601,21.944789999340447,-37.324018563458175,42.5414418513474
2002-06-22,8.41445280622813,21.48995288222509,-38.1264292242107,41.45729290112354
2002-06-23,9.728610487861403,21.13671325072612,-38.15559695834733,41.15034647503102
2002-06-24,10.288881377649943,21.153002127750387,-37.16202335353712,40.39157781556027
2002-06-25,10.110033932140578,19.893982149403964,-38.66207383456392,39.19643492858826
2002-06-26,11.2477801795939,21.233875782552133,-38.714809379493495,38.51919251751163
2002-06-27,10.616161961769409,22.633390923745914,-37.47293781244853,38.66207483726239
2002-06-28,10.088392115461707,21.97727626845923,-38.46927933750279,38.52691687706977
2002-06-29,10.539928061380067,21.34899243031752,-37.991524907039704,38.45686167631817
2002-06-30,10.934023058436022,22.4533656283184,-38.666844997379236,37.27932203711412
2002-07-01,11.62575717817647,22.88850321703418,-39.92850376909006,37.72625876316908
2002-07-02,12.64379895736553,22.96569555817326,-40.091646649566485,36.93561808242433
2002-07-03,12.039698402082704,23.61156713830722,-39.33478368532071,38.444766677981626
2002-07-04,14.030856168531356,21.976375848627264,-39.077632897723824,37.40304939007464
2002-07-05,12.577208774495432,23.62005621316329,-40.07103086786311,37.558414296450714
2002-07-06,11.917389235170589,24.475526459425414,-39.48940443808687,35.501494400680606
2002-07-07,10.2862178186883,25.04238735410475,-40.989682693935286,37.62300666287665
2002-07-08,10.153716822769784,27.67374085555523,-40.442455627314914,38.06795680194715
2002-07-09,10.424188336706012,27.680304224380304,-40.14676227409264,36.849033920273314
2002-07-10,9.408980878338259,27.289860771133082,-40.5406830968708,35.41833913461535
2002-07-11,10.923905662493446,26.2557652494056,-42.34981667205265,37.42131398576112
2002-07-12,9.126345585933851,26.45721470888643,-42.668102075457426,36.87869614356938
2002-07-13,9.12353467037493,27.929249322800953,-41.04291075073729,38.19725207778649
2002-07-14,7.5567191758684125,27.6657718013655,-41.5348886126871,37.987156520444856
2002-07-15,7.583238116315704,27.55539857744907,-41.82058081811833,37.84974817500404
2002-07-16,10.223302923316037,28.976556900575016,-41.12582486402605,38.6019724256256
2002-07-17,10.242741525484787,28.039479020750107,-41.53474258400826,38.99143258199043
2002-07-18,11.014833791511585,27.380265993806432,-42.80418273057547,38.12377555194567
2002-07-19,11.971699630651898,27.770368337087582,-42.774379598661525,39.067153499500456
2002-07-20,11.028962965960476,28.81643054919558,-43.168280299288284,38.882200176876985
2002-07-21,10.817235933930116,27.72711775912454,-41.34579323011237,38.867374419576294
2002-07-22,12.295783163510466,27.257288547251026,-40.931988426726974,38.7530119668741
2002-07-23,14.055306521532438,25.90550975738345,-40.63362764285196,37.913240092302644
2002-07-24,14.323636090260043,24.452346465082748,-40.862360189255185,37.52637266516209
2002-07-25,14.124796817903404,23.429155356367684,-40.123235212214745,39.141554051089145
2002-07-26,14.019847402792395,21.076455915468713,-41.71677332357728,38.897321723042644
2002-07-27,13.899361023399951,21.0726929724815,-41.99032813745046,39.95765331345153
2002-07-28,11.675451990357118,20.75438741220386,-42.853576006420525,41.28887591884887
2002-07-29,11.846910534142928,21.82853762208266,-43.77452803757609,41.828793953723164
2002-07-30,10.926320450210497,21.404587521484927,-43.59306187988209,40.80834686832236
2002-07-31,12.747550612772088,21.930600671801912,-44.03019788800925,42.30022082689846
2002-08-01,10.632316905164618,22.15685409273519,-43.14238408328107,43.00047374922621
2002-08-02,10.838542647323422,20.76050551462316,-41.932943088603416,43.38590787703448
2002-08-03,10.734945011031353,19.727192857642915,-41.31682879620897,43.42627516430908
2002-08-04,10.637611240106509,18.81807595134429,-39.865931804894785,42.94356060382616
2002-08-05,9.503647786632968,18.008507986872456,-39.53810830564327,42.64443867605152
2002-08-06,11.15807321860521,19.103230734615146,-39.2768809830422,41.46536457227732
2002-08-07,12.31922563244521,18.998501695239593,-39.703585093976876,39.33896201261981
2002-08-08,13.823535657577485,17.033795132283196,-39.52179929859399,37.78215552554471
2002-08-09,12.185515726981803,16.10523861488591,-38.65046703067636,37.849965183831124
2002-08-10,11.842209329312901,15.95499388544536,-39.18173727124234,36.20886511061304
2002-08-11,11.717893389609449,17.314801613731902,-37.96911248198937,35.119943308150084
2002-08-12,12.235885355895386,16.896283814892765,-37.27984674088856,34.656171806815706
2002-08-13,12.105088373111743,15.173448700141918,-37.91458063583477,34.39150075657986
2002-08-14,12.613004033144634,13.402777465026581,-37.956418104490716,35.77835155336904
2002-08-15,12.362422508881771,11.708402317424657,-37.59809694434499,36.25541407734176
2002-08-16,13.465249150456401,11.243732044921419,-37.336740590471976,35.5839651817174
2002-08-17,14.025913337630932,11.721652520755779,-36.860862894741786,35.22117197475328
2002-08-18,14.54755597822641,13.572336838370637,-37.015072368001924,35.51528355126805
2002-08-19,15.803550460151264,12.410752177504747,-35.96092383411227,36.46892978300532
2002-08-20,16.729814288415668,12.134031332910428,-36.39410157922926,36.068774656047836
2002-08-21,18.028746570042042,12.827467693933094,-36.78708555589915,37.678695462047564
2002-08-22,18.37170391319454,12.331381081922784,-37.488214633364734,36.368174444982316
2002-08-23,16.13248664352103,11.38642820286101,-38.353747250569896,35.64955630075359
2002-08-24,16.035659500978408,10.92789639790873,-37.00829167984429,36.70625447602537
2002-08-25,15.625075233346752,11.816856689187839,-38.19312364192549,37.87471385200734
2002-08-26,14.825648385649577,13.131469311924722,-37.40269051195031,37.36301919158353
2002-08-27,15.608088987980443,13.332273886512935,-36.64027914369669,38.81150833829877
2002-08-28,14.649232010891792,12.654460290593018,-36.420961461787414,39.734774637259285
2002-08-29,15.454302917091244,12.863502982740172,-37.1682500199689,39.308261750711374
2002-08-30,16.459210782824293,12.206160474804527,-37.63291638248692,37.78688569026157
2002-08-31,17.291538429861355,11.27099835773304,-37.27768719769025,36.67490296309122
2002-09-01,15.97044826602418,11.90617689425254,-35.905749548225565,36.4183412902379
2002-09-02,15.237247513425146,12.413538262652974,-35.58396201132223,37.47994867685622
2002-09-03,16.27001051946067,13.448750303068127,-33.82582994809655,37.1791735230776
2002-09-04,17.220411338539808,12.47233670603633,-31.125677633953792,37.34054687248316
2002-09-05,17.816465668269416,11.982356569901503,-29.705363325036252,35.256295423284364
2002-09-06,19.54980370393278,11.553821869068116,-30.49500809292954,36.07774863318518
2002-09-07,19.544187431314437,10.712249264923718,-30.769505106328655,35.179025286936785
2002-09-08,19.70284957869978,10.40661977172319,-31.269871885578155,34.735967982707024
2002-09-09,20.46767457195035,10.77435541068268,-30.965885520281383,32.75383644328639
2002-09-10,19.41796111453648,10.56002579648736,-30.0491601160151,31.35711492992767
2002-09-11,19.091758024318118,10.98246205318857,-32.35611777456458,32.362526393417625
2002-09-12,19.283813802383587,10.768580161193313,-32.56800128683002,32.11119049926599
2002-09-13,18.82616457979754,11.54394064969841,-33.887350056933684,32.14794288074544
2002-09-14,19.896207117151228,12.77497905465715,-34.27284833418554,30.85951585558592
2002-09-15,20.674367675866392,11.504911901695603,-33.253628396314504,29.384041684771542
2002-09-16,18.412570260937986,11.933415139388662,-32.41062098075995,29.810583084700486
2002-09-17,17.358808211789043,11.574803388134706,-34.19659145536655,28.573104226413818
2002-09-18,16.16749502722965,11.090770709280918,-35.0243681606689,27.763389987765684
2002-09-19,15.564921077194988,11.49422068119911,-35.41283488771176,28.34173259971885
2002-09-20,14.475277490810607,12.10592237781914,-35.073720825556364,25.959087325566966
2002-09-21,12.933575413816374,11.484594819627718,-34.13231947117088,26.12147253528396
2002-09-22,13.510326618665125,11.401796586338083,-32.0843832878957,28.32468821106058
2002-09-23,12.50806226828659,12.501120048258823,-31.97314186850457,27.272259151115577
2002-09-24,9.92424890542081,12.50638069631723,-34.3459289544985,27.321683935455386
2002-09-25,10.725753717327905,12.420967405127602,-35.08853590034594,28.628895625585606
2002-09-26,10.89794896110212,13.201149701064743,-35.57470024410446,28.72767231841188
